{
    "epoch": 3.0,
    "eval_accuracy": 0.9501372369624885,
    "eval_f1": 0.9353035143769969,
    "eval_loss": 0.404183566570282,
    "eval_precision": 0.9315831344470963,
    "eval_recall": 0.9390537289494787,
    "eval_runtime": 166.5492,
    "eval_samples": 100,
    "eval_samples_per_second": 0.6
}